页面,页面类型,SEO优化,排期,是否原有,URL,参考来源
首页,Brand,是,1,是,/index,原有
购买页,Conversion,否,1,是,/price,原有
登录页,Users,否,1,是,/login,原有
Feeds流页面（图片）,Library,是,1,是,/feed/images,原有
Feeds流页面（视频）,Library,是,1,是,/feed/videos,原有
Feeds流页面（聊天）,Library,是,1,是,/feed/chat,原有
个人主页（Post）,Users,否,1,是,/profile/posts,原有
个人主页（Gallery）,Users,否,1,是,/profile/gallery,原有
Blog页面,Content,是,1,是,/blog,原有
隐私协议页面,Policy,否,1,是,/privacy-policy,原有
用户协议页面,Policy,否,1,是,/terms-of-service,原有
About US,Brand,否,1,是,/about-us,原有
工具页面,Tools,是,1,是,/create,原有
排行榜页面,Library,否,1,是,/rankings,原有
活动推广页,Brand,否,1,否,/promotion,原有
工具页面/衍生图片,Tools,是,2,衍生,/create/image,原有
工具页面/衍生照片,Tools,是,2,衍生,/create/photo,原有
工具页面/衍生视频,Tools,是,2,衍生,/create/video,原有
工具页面/衍生视频,Tools,是,2,衍生,/create/ai-pixel-art,原有
工具页面/衍生视频,Tools,是,2,衍生,/create/ai-anime-art,原有
工具页面/衍生视频,Tools,是,2,衍生,/create/ai-album-cover-art,原有
工具页面/衍生视频,Tools,是,2,衍生,/create/photo-to-art,原有
工具页面/衍生视频,Tools,是,2,衍生,/create/ai-furry-art,原有
PR页面,Brand,否,2,否,/news,原有
下载中心,Brand,否,2,否,/downloadcenter,原有
搜索页,Others,是,2,否,/search,原有
Tag页面,Library,是,3,否,/tag,原有
工具聊天,Tools,是,3,否,/chat,原有
工具箱,Tools,是,3,否,/tools,原有
工具箱/AI移物,Tools,是,3,否,/tools/ai-erase,原有
工具箱/AI舞蹈,Tools,是,3,否,/tools/ai-dance,原有
工具箱/AI换脸,Tools,是,3,否,/tools/ai-face-swap,原有
工具箱/AI滤镜,Tools,是,3,否,/tools/ai-filter,原有
工具箱/AI上妆,Tools,是,3,否,/tools/ai-makeup,原有
工具箱/AI视频,Tools,是,3,否,/tools/ai-video-generator/,原有
工具箱/AI图像放大,Tools,是,3,否,/tools/image-upscaler,原有
工具箱/AI背景去除,Tools,是,3,否,/tools/remove-background,原有
工具箱/AI手绘生成,Tools,是,3,否,/tools/scribble2img,原有
工具箱/AI文生图,Tools,是,3,否,/tools/text2img,原有
工具箱/AI漫画生成,Tools,是,3,否,/tools/ai-comic,原有
工具箱/AI肖像,Tools,是,3,否,/tools/ai-portrait,原有
落地页/AI视频,LP,是,3,否,/features/ai-animation-generator,原有
落地页/AI视频,LP,是,3,否,/features/ai-chat-online,原有
落地页/中国GPT,LP,是,3,否,/features/china-chat-gpt,原有
落地页/AI换脸,LP,是,3,否,/features/face-morph,原有
落地页/FurryArt,LP,是,3,否,/features/furry-ai-art-generator,原有
落地页/AI换脸,LP,是,3,否,/features/gif-face-swap,原有
落地页/AI图生视频,LP,是,3,否,/features/image-to-video,原有
落地页/AI换脸（多脸）,LP,是,3,否,/features/multiple-face-swap,原有
落地页/AI文生视频,LP,是,3,否,/features/text-to-video,原有
落地页/AI换脸,LP,是,3,否,/features/video-face-swap,原有
落地页/AI视频,LP,是,3,否,/features/wan-ai-video-generator,原有
工具页/AI头像生成器,Tools,是,3,否,/features/ai-avatar-generator,https://bylo.ai/features/ai-avatar-generator
工具页/AI写真生成器,Tools,是,3,否,/features/ai-headshot-generator,https://bylo.ai/features/ai-headshot-generator
工具页/AI艺术生成器,Tools,是,3,否,/features/ai-art-generator,https://magichour.ai/tools/ai-art-generator
工具页/AI卡通生成器,Tools,是,3,否,/features/ai-cartoon-generator,https://bylo.ai/features/ai-cartoon-generator
工具页/AI像素艺术生成器,Tools,是,3,否,/features/ai-pixel-art-generator,https://bylo.ai/features/pixel-art-generator
工具页/AI角色生成器,Tools,是,3,否,/features/ai-character-generator,https://bylo.ai/features/ai-character-generator
工具页/AI动漫生成器,Tools,是,3,否,/features/ai-anime-generator,https://komiko.app/ai-anime-generator
工具页/AI风格转换,Tools,是,3,否,/features/ai-style-transfer,https://openart.ai/features/style-transfer
工具页/AI背景替换,Tools,是,3,否,/features/ai-background-changer,https://bylo.ai/features/background-changer
工具页/AI图像修复,Tools,是,3,否,/features/ai-image-enhancer,https://magichour.ai/create/ai-image-editor
工具页/AI表情包生成器,Tools,是,3,否,/features/ai-meme-generator,https://bylo.ai/features/ai-meme-generator
工具页/AI Logo生成器,Tools,是,3,否,/features/ai-logo-generator,https://magichour.ai/tools/ai-logo-generator
工具页/AI封面生成器,Tools,是,3,否,/features/ai-album-cover-generator,https://bylo.ai/features/ai-album-cover-generator
工具页/AI海报生成器,Tools,是,3,否,/features/ai-poster-generator,https://magichour.ai/tools/movie-poster-generator
工具页/AI漫画生成器,Tools,是,3,否,/features/ai-comic-book-generator,https://komiko.app/ai-comic-generator
工具页/AI插画生成器,Tools,是,3,否,/features/ai-illustration-generator,https://magichour.ai/tools/ai-illustration-generator
工具页/AI水彩画生成器,Tools,是,3,否,/features/ai-watercolor-generator,https://openart.ai/generator/watercolor
工具页/AI油画生成器,Tools,是,3,否,/features/ai-oil-painting-generator,https://openart.ai/features/photo-to-oil-painting
工具页/AI素描生成器,Tools,是,3,否,/features/ai-sketch-generator,https://magichour.ai/tools/ai-sketch-generator
工具页/AI纹身设计器,Tools,是,3,否,/features/ai-tattoo-designer,https://bylo.ai/features/ai-tattoo-designer
工具页/AI表情符号生成器,Tools,是,3,否,/features/ai-emoji-generator,https://magichour.ai/tools/emoji-generator
工具页/AI贴纸生成器,Tools,是,3,否,/features/ai-sticker-generator,https://openart.ai/apps/sticker-generator
工具页/AI二维码生成器,Tools,是,3,否,/features/ai-qr-code-generator,https://magichour.ai/create/ai-qr-code-generator
工具页/AI动物生成器,Tools,是,3,否,/features/ai-animal-generator,https://openart.ai/generator/animal
工具页/AI宠物生成器,Tools,是,3,否,/features/ai-pet-generator,https://bylo.ai/features/ai-pet-generator
工具页/AI超级英雄生成器,Tools,是,3,否,/features/ai-superhero-generator,https://bylo.ai/features/ai-superhero-generator
工具页/AI幻想角色生成器,Tools,是,3,否,/features/ai-fantasy-character-generator,https://bylo.ai/features/ai-fantasy-portrait-generator
工具页/AI游戏角色生成器,Tools,是,3,否,/features/ai-game-character-generator,https://openart.ai/generator/cartoon-character
工具页/AI时尚设计器,Tools,是,3,否,/features/ai-fashion-designer,https://magichour.ai/tools/ai-fashion-generator
工具页/AI室内设计器,Tools,是,3,否,/features/ai-interior-designer,https://magichour.ai/tools/ai-interior-design-generator
工具页/AI建筑设计器,Tools,是,3,否,/features/ai-architecture-generator,https://openart.ai/generator/home-design
工具页/AI汽车设计器,Tools,是,3,否,/features/ai-car-designer,https://bylo.ai/features/ai-car-generator
工具页/AI珠宝设计器,Tools,是,3,否,/features/ai-jewelry-designer,https://openart.ai/generator/jewelry
工具页/AI食物生成器,Tools,是,3,否,/features/ai-food-generator,https://openart.ai/search/food
工具页/AI风景生成器,Tools,是,3,否,/features/ai-landscape-generator,https://magichour.ai/tools/ai-landscape-generator
工具页/AI城市生成器,Tools,是,3,否,/features/ai-city-generator,https://openart.ai/generator/city-map
工具页/AI太空艺术生成器,Tools,是,3,否,/features/ai-space-art-generator,https://magichour.ai/tools/ai-art-generator
工具页/AI抽象艺术生成器,Tools,是,3,否,/features/ai-abstract-art-generator,https://magichour.ai/tools/ai-art-generator
产品页/AI图像生成器,Tools,是,3,否,/products/ai-image-generator,https://magichour.ai/products/ai-image-generator
产品页/AI照片生成器,Tools,是,3,否,/products/ai-photo-generator,https://magichour.ai/products/ai-image-generator
产品页/AI视频生成器,Tools,是,3,否,/products/ai-video-generator,https://magichour.ai/products/ai-video-generator
产品页/AI头像生成器,Tools,是,3,否,/products/ai-avatar-generator,https://magichour.ai/products/ai-selfie-generator
产品页/AI写真生成器,Tools,是,3,否,/products/ai-headshot-generator,https://magichour.ai/products/ai-headshot-generator
产品页/AI艺术生成器,Tools,是,3,否,/products/ai-art-generator,https://magichour.ai/products/ai-art-generator
产品页/AI卡通生成器,Tools,是,3,否,/products/ai-cartoon-generator,https://magichour.ai/products/ai-image-generator
产品页/AI换脸工具,Tools,是,3,否,/products/ai-face-swap,https://magichour.ai/products/face-swap
产品页/AI背景移除工具,Tools,是,3,否,/products/remove-background,https://magichour.ai/products/image-background-remover
产品页/AI图像放大器,Tools,是,3,否,/products/image-upscaler,https://magichour.ai/products/ai-image-upscaler
产品页/AI表情包制作器,Tools,是,3,否,/products/ai-meme-maker,https://magichour.ai/products/ai-meme-generator
产品页/AI漫画生成器,Tools,是,3,否,/products/ai-comic-generator,https://magichour.ai/products/ai-image-generator
产品页/AI肖像生成器,Tools,是,3,否,/products/ai-portrait-generator,https://magichour.ai/products/ai-portrait-generator
产品页/AI滤镜工具,Tools,是,3,否,/products/ai-filter,https://magichour.ai/products/ai-image-editor
产品页/AI上妆工具,Tools,是,3,否,/products/ai-makeup,https://magichour.ai/products/ai-face-editor
产品页/AI舞蹈生成器,Tools,是,3,否,/products/ai-dance-generator,https://magichour.ai/products/animation
产品页/AI移物工具,Tools,是,3,否,/products/ai-object-remover,https://magichour.ai/products/ai-image-editor
工具箱/AI图生图,Tools,是,3,否,/tools/image-to-image,https://openart.ai/features/ai-image-to-image-generator
工具箱/AI文生图增强版,Tools,是,3,否,/tools/text-to-image-pro,https://openart.ai/ai-image-generator
工具箱/AI风格迁移,Tools,是,3,否,/tools/style-transfer,https://openart.ai/features/style-transfer
工具箱/AI年龄变换,Tools,是,3,否,/tools/age-transformation,https://bylo.ai/features/age-filter
工具箱/AI性别转换,Tools,是,3,否,/tools/gender-swap,https://bylo.ai/features/gender-swap
工具箱/AI发型更换,Tools,是,3,否,/tools/hairstyle-changer,https://bylo.ai/features/hairstyle-changer
工具箱/AI衣服更换,Tools,是,3,否,/tools/clothes-changer,https://openart.ai/features/ai-clothes-changer
工具箱/AI表情调整,Tools,是,3,否,/tools/expression-changer,https://openart.ai/features/facial-expression-changer
工具箱/AI眼睛颜色更换,Tools,是,3,否,/tools/eye-color-changer,https://bylo.ai/features/change-eye-color-online
工具箱/AI皮肤美化,Tools,是,3,否,/tools/skin-enhancer,https://bylo.ai/features/change-skin-color
工具箱/AI牙齿美白,Tools,是,3,否,/tools/teeth-whitening,https://bylo.ai/features/teeth-whitening
工具箱/AI瘦脸工具,Tools,是,3,否,/tools/face-slimming,https://bylo.ai/features/skinny-filter
工具箱/AI祛痘工具,Tools,是,3,否,/tools/blemish-remover,https://bylo.ai/features/ai-blemish-remover
工具箱/AI去皱工具,Tools,是,3,否,/tools/wrinkle-remover,https://bylo.ai/features/wrinkle-remover
生成器/动作人物生成器,Tools,是,3,否,/generator/action-figure,https://openart.ai/generator/action-figure
生成器/专辑封面生成器,Tools,是,3,否,/generator/album-cover,https://openart.ai/generator/album-cover
生成器/动物生成器,Tools,是,3,否,/generator/animal,https://openart.ai/generator/animal
生成器/横幅生成器,Tools,是,3,否,/generator/banner,https://openart.ai/generator/banner
生成器/书籍插画生成器,Tools,是,3,否,/generator/book-illustration,https://openart.ai/generator/book-illustration
生成器/汽车生成器,Tools,是,3,否,/generator/car,https://openart.ai/generator/car
生成器/漫画人物生成器,Tools,是,3,否,/generator/cartoon-character,https://openart.ai/generator/cartoon-character
生成器/猫咪生成器,Tools,是,3,否,/generator/cat,https://openart.ai/generator/cat
生成器/Q版角色生成器,Tools,是,3,否,/generator/chibi,https://openart.ai/generator/chibi
生成器/剪贴画生成器,Tools,是,3,否,/generator/clip-art,https://openart.ai/generator/clip-art
生成器/服装生成器,Tools,是,3,否,/generator/clothing,https://openart.ai/generator/clothing
生成器/封面艺术生成器,Tools,是,3,否,/generator/cover-art,https://openart.ai/generator/cover-art
生成器/恶魔猎人生成器,Tools,是,3,否,/generator/demon-slayer,https://openart.ai/generator/demon-slayer
生成器/数码宝贝生成器,Tools,是,3,否,/generator/digimon,https://openart.ai/generator/digimon
生成器/迪士尼皮克斯生成器,Tools,是,3,否,/generator/disney-pixar,https://openart.ai/generator/disney-pixar
生成器/DnD艺术生成器,Tools,是,3,否,/generator/dnd-art,https://openart.ai/generator/dnd-art
生成器/狗狗生成器,Tools,是,3,否,/generator/dog,https://openart.ai/generator/dog
生成器/涂鸦生成器,Tools,是,3,否,/generator/doodle,https://openart.ai/generator/doodle
生成器/精灵生成器,Tools,是,3,否,/generator/elf,https://openart.ai/generator/elf
生成器/表情符号生成器,Tools,是,3,否,/generator/emoji,https://openart.ai/generator/emoji
生成器/家庭照片生成器,Tools,是,3,否,/generator/family-photo,https://openart.ai/generator/family-photo
生成器/幻想艺术生成器,Tools,是,3,否,/generator/fantasy-art,https://openart.ai/generator/fantasy-art
生成器/幻想生物生成器,Tools,是,3,否,/generator/fantasy-creature,https://openart.ai/generator/fantasy-creature
生成器/旗帜生成器,Tools,是,3,否,/generator/flag,https://openart.ai/generator/flag
生成器/花朵生成器,Tools,是,3,否,/generator/flower,https://openart.ai/generator/flower
生成器/家具生成器,Tools,是,3,否,/generator/furniture,https://openart.ai/generator/furniture
生成器/游戏资产生成器,Tools,是,3,否,/generator/game-asset,https://openart.ai/generator/game-asset
生成器/哥特风生成器,Tools,是,3,否,/generator/gothic,https://openart.ai/generator/gothic
生成器/涂鸦艺术生成器,Tools,是,3,否,/generator/graffiti,https://openart.ai/generator/graffiti
生成器/图标生成器,Tools,是,3,否,/generator/icon,https://openart.ai/generator/icon
生成器/珠宝生成器,Tools,是,3,否,/generator/jewelry,https://openart.ai/generator/jewelry
生成器/线条艺术生成器,Tools,是,3,否,/generator/line-art,https://openart.ai/generator/line-art
生成器/漫画艺术生成器,Tools,是,3,否,/generator/manga-art,https://openart.ai/generator/manga-art
生成器/电影海报生成器,Tools,是,3,否,/generator/movie-poster,https://openart.ai/generator/movie-poster
生成器/像素艺术生成器,Tools,是,3,否,/generator/pixel-art,https://openart.ai/generator/pixel-art
生成器/宝可梦生成器,Tools,是,3,否,/generator/pokemon,https://openart.ai/generator/pokemon
生成器/波普艺术生成器,Tools,是,3,否,/generator/pop-art,https://openart.ai/generator/pop-art
生成器/头像生成器,Tools,是,3,否,/generator/profile-picture,https://openart.ai/generator/profile-picture
生成器/文艺复兴画作生成器,Tools,是,3,否,/generator/renaissance-painting,https://openart.ai/generator/renaissance-painting
生成器/素描生成器,Tools,是,3,否,/generator/sketch,https://openart.ai/generator/sketch
生成器/吉卜力工作室生成器,Tools,是,3,否,/generator/studio-ghibli,https://openart.ai/generator/studio-ghibli
生成器/超级英雄生成器,Tools,是,3,否,/generator/superhero,https://openart.ai/generator/superhero
生成器/符号生成器,Tools,是,3,否,/generator/symbol,https://openart.ai/generator/symbol
生成器/T恤设计生成器,Tools,是,3,否,/generator/t-shirt-design,https://openart.ai/generator/t-shirt-design
生成器/纹身生成器,Tools,是,3,否,/generator/tattoo,https://openart.ai/generator/tattoo
生成器/纹理生成器,Tools,是,3,否,/generator/texture,https://openart.ai/generator/texture
生成器/水彩画生成器,Tools,是,3,否,/generator/watercolor,https://openart.ai/generator/watercolor
生成器/武器生成器,Tools,是,3,否,/generator/weapon,https://openart.ai/generator/weapon
生成器/女性角色生成器,Tools,是,3,否,/generator/woman,https://openart.ai/generator/woman
生成器/艺术字生成器,Tools,是,3,否,/generator/word-art,https://openart.ai/generator/word-art
滤镜页/AI动漫滤镜,Tools,是,3,否,/filter/anime-ai-filter,https://komiko.app/filter/anime-ai-filter
滤镜页/吉卜力工作室滤镜,Tools,是,3,否,/filter/studio-ghibli-filter,https://komiko.app/filter/studio-ghibli-filter
滤镜页/迪士尼风格滤镜,Tools,是,3,否,/filter/disney-filter,https://openart.ai/features/disney-filter
滤镜页/像素化滤镜,Tools,是,3,否,/filter/pixar-filter,https://openart.ai/features/pixar-filter
滤镜页/卡通化滤镜,Tools,是,3,否,/filter/cartoon-filter,https://bylo.ai/features/cartoon-yourself
滤镜页/油画风格滤镜,Tools,是,3,否,/filter/oil-painting-filter,https://openart.ai/features/photo-to-oil-painting
滤镜页/水彩风格滤镜,Tools,是,3,否,/filter/watercolor-filter,https://openart.ai/features/photo-to-watercolor-painting
滤镜页/素描风格滤镜,Tools,是,3,否,/filter/sketch-filter,https://openart.ai/features/photo-to-sketch
滤镜页/黑白滤镜,Tools,是,3,否,/filter/black-white-filter,https://bylo.ai/features/black-and-white-filter
滤镜页/复古滤镜,Tools,是,3,否,/filter/vintage-filter,https://bylo.ai/features/ai-retro-photo
滤镜页/赛博朋克滤镜,Tools,是,3,否,/filter/cyberpunk-filter,https://bylo.ai/features/cyberpunk-character-generator
滤镜页/哥特风滤镜,Tools,是,3,否,/filter/gothic-filter,https://bylo.ai/features/dark-fantasy
比较页/AI工具对比,Content,是,3,否,/vs/ai-tools-comparison,原创
比较页/图像生成器对比,Content,是,3,否,/vs/image-generators-comparison,原创
比较页/AI换脸工具对比,Content,是,3,否,/vs/face-swap-tools-comparison,原创
比較页/Spellai对比Midjourney,Content,是,3,否,/vs/spellai-vs-midjourney,原创
比较页/Spellai对比DALL-E,Content,是,3,否,/vs/spellai-vs-dalle,原创
比较页/Spellai对比Stable Diffusion,Content,是,3,否,/vs/spellai-vs-stable-diffusion,原创
教程页/AI艺术创作指南,Content,是,3,否,/tutorial/ai-art-creation-guide,原创
教程页/提示词编写技巧,Content,是,3,否,/tutorial/prompt-writing-tips,原创
教程页/AI换脸教程,Content,是,3,否,/tutorial/face-swap-tutorial,原创
教程页/AI视频制作教程,Content,是,3,否,/tutorial/ai-video-creation,原创
教程页/AI图像放大教程,Content,是,3,否,/tutorial/image-upscaling-guide,原创
用例页/商业设计用例,Content,是,3,否,/use-cases/business-design,原创
用例页/社交媒体内容,Content,是,3,否,/use-cases/social-media-content,原创
用例页/个人创作用例,Content,是,3,否,/use-cases/personal-creation,原创
用例页/教育应用案例,Content,是,3,否,/use-cases/education,原创
用例页/营销广告用例,Content,是,3,否,/use-cases/marketing-advertising,原创
行业页/游戏行业解决方案,Content,是,3,否,/industry/gaming,原创
行业页/电商行业解决方案,Content,是,3,否,/industry/ecommerce,原创
行业页/媒体娱乐解决方案,Content,是,3,否,/industry/media-entertainment,原创
行业页/教育行业解决方案,Content,是,3,否,/industry/education,原创
行业页/房地产行业解决方案,Content,是,3,否,/industry/real-estate,原创